<?xml version="1.0" encoding="UTF-8"?>
<beans:beans xmlns="http://www.springframework.org/schema/mvc"
	xmlns:xsi="http://www.w3.org/2001/XMLSchema-instance"
	xmlns:beans="http://www.springframework.org/schema/beans"
	xmlns:context="http://www.springframework.org/schema/context"
	xsi:schemaLocation="http://www.springframework.org/schema/mvc https://www.springframework.org/schema/mvc/spring-mvc.xsd
		http://www.springframework.org/schema/beans https://www.springframework.org/schema/beans/spring-beans.xsd
		http://www.springframework.org/schema/context https://www.springframework.org/schema/context/spring-context.xsd">

	<!-- DispatcherServlet Context: defines this servlet's request-processing infrastructure -->
	
	<!-- Enables the Spring MVC @Controller programming model -->
	<annotation-driven />

	<!-- Handles HTTP GET requests for /resources/** by efficiently serving up static resources in the ${webappRoot}/resources directory -->
	<resources mapping="/resources/**" location="/resources/" />

	<!-- Resolves views selected for rendering by @Controllers to .jsp resources in the /WEB-INF/views directory -->
	<beans:bean class="org.springframework.web.servlet.view.InternalResourceViewResolver">
		<beans:property name="prefix" value="/WEB-INF/views/" />
		<beans:property name="suffix" value=".jsp" />
	</beans:bean>
	
	<!-- 업로드된 파일의 저장 위치 지정 -->
	<beans:bean id="uploadPath" class="java.lang.String">
		<beans:constructor-arg value="D:\\kmy\\upload"></beans:constructor-arg>
	</beans:bean>
	
	<!-- 업로드 파일 데이터 처리 -->
	<beans:bean id="multipartResolver" class="org.springframework.web.multipart.commons.CommonsMultipartResolver">
		<beans:property name="maxUploadSize" value="10485760" /> <!-- 10mb 제한 -->
	</beans:bean>
	
	<context:component-scan base-package="kr.green.testportfolio.*" />
	
	<!-- ViewResolver 등록 -->
	<beans:bean id="tilesViewResolver" class="org.springframework.web.servlet.view.UrlBasedViewResolver">
	    <beans:property name="viewClass" value="org.springframework.web.servlet.view.tiles3.TilesView" />
	    <beans:property name="order" value="1" /><!-- 순서를 우선으로 지정 -->
	</beans:bean>
	<beans:bean id="tilesConfigurer" class="org.springframework.web.servlet.view.tiles3.TilesConfigurer">
	    <beans:property name="definitions">
	        <beans:list>
	            <beans:value>/WEB-INF/spring/tiles-def.xml</beans:value>
	        </beans:list>
	    </beans:property>
	</beans:bean>
	
	<!-- 로그인, 권한 인터셉터 -->
	<beans:bean id="loginInterceptor" class="kr.green.testportfolio.interceptor.LoginInterceptor"></beans:bean>
	<beans:bean id="authInterceptor" class="kr.green.testportfolio.interceptor.AuthInterceptor"></beans:bean>
		<interceptors>
			<interceptor>
				<mapping path="/login"/>
				<beans:ref bean="loginInterceptor"/>
			</interceptor>
			<interceptor>
		        <mapping path="/register"/>
		        <mapping path="/updateDetail"/>
				<mapping path="/register/goods"/>
		        <beans:ref bean="authInterceptor"/>
		    </interceptor>
		</interceptors>
</beans:beans>
