<?xml version="1.0" encoding="UTF-8" ?>
<!DOCTYPE mapper
  PUBLIC "-//mybatis.org//DTD Mapper 3.0//EN"
  "http://mybatis.org/dtd/mybatis-3-mapper.dtd">
<mapper namespace="kr.green.testportfolio.dao.UserDao">

  <select id="getEmail" resultType="String">
    select email from user where id = #{id}
  </select>
  
  <select id="getUser" resultType="kr.green.testportfolio.vo.UserVo">
    select * from user where id = #{id}
  </select>
  
  <select id="getAllUser" resultType="kr.green.testportfolio.vo.UserVo">
    select * from user
  </select>
  
  <select id="getUserById" resultType="kr.green.testportfolio.vo.UserVo">
    select * from user where id = #{id}
  </select>
  
  <insert id="insertUser" parameterType="kr.green.testportfolio.vo.UserVo">
    insert into user(age, id, name, password, email, sex, pNum)
    values (#{user.age},#{user.id},#{user.name},#{user.password},#{user.email},#{user.sex},#{user.pNum})
  </insert>
  
  <!-- update는 parameterType밖에 없다. resultType out!! -->
  <update id="updateUser">
  	update user set pw = #{pw}
  </update>

</mapper>